{
  "name": "LilyPichu",
  "description": "A theme based on @Melonturtle_ stream design",
  "authors": [
    {
      "name": "Nyria",
      "id": "265924886461939712"
    }
  ],
  "semanticColors": {
    "HEADER_PRIMARY": ["#F8E1E5"],
    "HEADER_SECONDARY": ["#E2C1C7"],
    "TEXT_NORMAL": ["#F8E1E5"],
    "TEXT_MUTED": ["#E2C1C7"],
    "INTERACTIVE_NORMAL ": ["#FAB1BD"],
    "INTERACTIVE_HOVER": ["#E2C1C7"],
    "INTERACTIVE_ACTIVE": ["#E2C1C7"],
    "INTERACTIVE_MUTED": ["#AD8C91"],
    "CHANNELS_DEFAULT": ["#FAB1BD"],
    "CHANNEL_ICON": ["#FAB1BD"],

    "BACKGROUND_PRIMARY": ["#5E3640"],
    "BACKGROUND_SECONDARY": ["#49292F"],
    "BACKGROUND_SECONDARY_ALT": ["#3B1D24"],
    "BACKGROUND_TERTIARY": ["#220F14"],
    "BACKGROUND_ACCENT": ["#C5536C"],
    "BACKGROUND_FLOATING": ["#49292F"],
    "BACKGROUND_MOBILE_PRIMARY": ["#5E3640"],
    "BACKGROUND_MOBILE_SECONDARY": ["#49292F"],
    "BACKGROUND_MODIFIER_SELECTED": ["#1F151552"],
    "BACKGROUND_MODIFIER_ACTIVE": ["#130C0C52"],
    "BACKGROUND_MODIFIER_ACCENT": ["#49292F"],
    "CHANNEL_TEXT_AREA_PLACEHOLDER": ["#E2C1C7"],

    "SCROLLBAR_THIN_THUMB": ["#49292F"],
    "SCROLLBAR_THIN_TRACK": ["transparent"],
    "SCROLLBAR_AUTO_THUMB": ["#49292F"],
    "SCROLLBAR_AUTO_TRACK": ["#49292F"],
    "CHANNELTEXTAREA_BACKGROUND": ["#5E3640"],
    "CHAT_BACKGROUND": ["#5E3640"],
    "SPOILER_HIDDEN_BACKGROUND": ["#3B1D24"]
  },
  "rawColors": {
    "PRIMARY_100": "#E2C1C7",
    "PRIMARY_200": "#E2C1C7",
    "PRIMARY_300": "#F8E1E5",
    "PRIMARY_400": "#E2C1C7",
    "PRIMARY_600": "#5E3640",
    "PRIMARY_630": "#49292F",
    "PRIMARY_660": "#220F14",
    "PRIMARY_700": "#5E3640",
    "PRIMARY_800": "#220F14",
    "BRAND_260": "#FDC7C7",
    "BRAND_360": "#C5536C",
    "BRAND_500": "#C5536C",
    "BRAND_560": "#C66376"
  },
  "spec": 2
}
